{"cameraMode":{"drawMode":0,"name":"Shaded","section":"Shading Mode"},"sceneLighting":true,"audioPlay":false,"sceneViewState":{"showFog":true,"showMaterialUpdate":true,"showSkybox":false,"showFlares":true,"showImageEffects":true,"showParticleSystems":true},"in2DMode":false,"pivot":{"x":3.43271803855896,"y":0.7906375527381897,"z":13.118412017822266},"rotation":{"x":-0.19811709225177766,"y":0.02677313983440399,"z":-0.005414110142737627,"w":-0.9797977209091187},"size":24.273651123046876,"orthographic":false}