{"cameraMode":{"drawMode":0,"name":"Shaded","section":"Shading Mode"},"sceneLighting":true,"audioPlay":false,"sceneViewState":{"showFog":true,"showMaterialUpdate":true,"showSkybox":false,"showFlares":true,"showImageEffects":true,"showParticleSystems":true},"in2DMode":false,"pivot":{"x":-0.8114691972732544,"y":-0.7181239128112793,"z":0.6732373237609863},"rotation":{"x":-0.2750607132911682,"y":0.5156701803207398,"z":-0.17922985553741456,"w":-0.7913928627967835},"size":5.338985443115234,"orthographic":false}